{
  "model_name": "vanilla_resnet18",
  "checkpoint_path": "checkpoints\\vanilla_resnet18_best.pth",
  "total_images": 328,
  "overall_metrics": {
    "iou": 0.8585414974640387,
    "dice": 0.9238873585932948,
    "precision": 0.9368072222525036,
    "recall": 0.9113190125004452,
    "f1": 0.9238873585433043,
    "accuracy": 0.9786252161351646,
    "loss": 0.06782143850887778
  },
  "per_image_stats": {
    "iou": {
      "count": 328.0,
      "mean": 0.5451125744853758,
      "std": 0.3792795566010989,
      "min": 0.0,
      "25%": 0.006647800770434066,
      "50%": 0.7191482830270213,
      "75%": 0.8823908567813019,
      "max": 0.9856726824394699
    },
    "dice": {
      "count": 328.0,
      "mean": 0.6091176504142319,
      "std": 0.3981417627440313,
      "min": 0.0,
      "25%": 0.013190561608422722,
      "50%": 0.8366327729374055,
      "75%": 0.9375212164682619,
      "max": 0.9927846529353828
    },
    "f1": {
      "count": 328.0,
      "mean": 0.6091176503787354,
      "std": 0.3981417627231219,
      "min": 0.0,
      "25%": 0.013190561607038347,
      "50%": 0.8366327728876397,
      "75%": 0.9375212164182852,
      "max": 0.9927846528853829
    },
    "precision": {
      "count": 328.0,
      "mean": 0.6542470487966264,
      "std": 0.3986061130787476,
      "min": 0.0,
      "25%": 0.12502284549226517,
      "50%": 0.8669712318070761,
      "75%": 0.9649429182367468,
      "max": 0.9999999999999893
    },
    "recall": {
      "count": 328.0,
      "mean": 0.6083399898238981,
      "std": 0.4057214869900311,
      "min": 0.0,
      "25%": 0.006648379945052318,
      "50%": 0.8456393051736397,
      "75%": 0.9435808179834206,
      "max": 0.9987559978674072
    },
    "accuracy": {
      "count": 328.0,
      "mean": 0.9786252161351646,
      "std": 0.053664240118834396,
      "min": 0.3083038330078125,
      "25%": 0.9785127639770508,
      "50%": 0.9913806915283203,
      "75%": 0.9974212646484375,
      "max": 1.0
    },
    "loss": {
      "count": 328.0,
      "mean": 0.06782143850887778,
      "std": 0.23973986485704502,
      "min": 2.2128211639937945e-05,
      "25%": 0.00694303447380662,
      "50%": 0.02160127181559801,
      "75%": 0.055224623531103134,
      "max": 3.6484789848327637
    }
  }
}