{
  "train_loss": [
    0.8243593893448512,
    0.20578208059072495,
    0.15144061694542568,
    0.13032241334517797,
    0.10056926796833675,
    0.10009847111999988,
    0.0793773095558087,
    0.09022062800824643,
    0.07369945784409841,
    0.06425136541326841,
    0.056581584562857945,
    0.05267087265849114,
    0.05261489065984885,
    0.0518520326167345,
    0.050792019615570706,
    0.046663564443588254,
    0.04841894979278247,
    0.04725598742564519,
    0.04142379858841499,
    0.04316204755256573
  ],
  "val_loss": [
    0.16437645276387533,
    0.10127279063065847,
    0.08320347001155218,
    0.08165329615275065,
    0.07060375740130742,
    0.08388565480709076,
    0.0756067051490148,
    0.06648519193132718,
    0.07261385679244996,
    0.07019008507331212
  ],
  "val_iou": [
    0.6743497162114342,
    0.7771956519889972,
    0.7973985483523464,
    0.8145658693088549,
    0.828568701263734,
    0.8225763909641549,
    0.8227497230087406,
    0.8416042063394464,
    0.8341132086807158,
    0.8293372774062949
  ],
  "val_dice": [
    0.805506412050275,
    0.8746315028614632,
    0.8872807303458791,
    0.8978079915270453,
    0.9062483686733844,
    0.9026523058701607,
    0.9027566567401918,
    0.9139903171836273,
    0.9095547698287353,
    0.9067078965144814
  ],
  "lr": [
    9.997557473810373e-05,
    9.990232305719946e-05,
    9.978031724785248e-05,
    9.960967771506668e-05,
    9.939057285945934e-05,
    9.912321891107012e-05,
    9.880787971596802e-05,
    9.844486647586726e-05,
    9.80345374410087e-05,
    9.757729755661012e-05,
    9.707359806323419e-05,
    9.652393605146847e-05,
    9.592885397135708e-05,
    9.5288939097068e-05,
    9.460482294732424e-05,
    9.387718066217127e-05,
    9.310673033669524e-05,
    9.229423231234978e-05,
    9.144048842659084e-05,
    9.054634122155993e-05
  ]
}